189,Vevay,Chandler,Vevay.Chandler@yopmail.com,Germany,4748
245,Ginnie,Bevin,Ginnie.Bevin@yopmail.com,Germany,3130
248,Jany,Jacobah,Jany.Jacobah@yopmail.com,Germany,4202
685,Maridel,Edison,Maridel.Edison@yopmail.com,Germany,8676
1030,Harrietta,Slifka,Harrietta.Slifka@yopmail.com,Germany,7123
1076,Albertina,Amasa,Albertina.Amasa@yopmail.com,Germany,6772
1392,Ethel,Anderea,Ethel.Anderea@yopmail.com,Germany,6103
1927,Dagmar,Nahum,Dagmar.Nahum@yopmail.com,Germany,4234
2028,Angela,Even,Angela.Even@yopmail.com,Germany,6080
2699,Jolyn,Colbert,Jolyn.Colbert@yopmail.com,Germany,939
2885,Stephanie,Loleta,Stephanie.Loleta@yopmail.com,Germany,3356
3252,Belinda,Rhu,Belinda.Rhu@yopmail.com,Germany,8451
3349,Wileen,Anyah,Wileen.Anyah@yopmail.com,Germany,8073
3566,Nonnah,Carmena,Nonnah.Carmena@yopmail.com,Germany,8167
3603,Drucie,Lewes,Drucie.Lewes@yopmail.com,Germany,2048
4300,Nadine,Rosemary,Nadine.Rosemary@yopmail.com,Germany,6851
4595,Helena,Maxi,Helena.Maxi@yopmail.com,Germany,4855
4712,Aigneis,Haldas,Aigneis.Haldas@yopmail.com,Germany,4373
4797,Kirstin,Fennessy,Kirstin.Fennessy@yopmail.com,Germany,1728
4984,Alexine,Franza,Alexine.Franza@yopmail.com,Germany,2891
5263,Sophia,Woodberry,Sophia.Woodberry@yopmail.com,Germany,4918
5287,Albertina,Fosque,Albertina.Fosque@yopmail.com,Germany,6195
6028,Laurene,Barbey,Laurene.Barbey@yopmail.com,Germany,7810
7186,Carree,Hirsch,Carree.Hirsch@yopmail.com,Germany,8929
7355,Karlee,Standing,Karlee.Standing@yopmail.com,Germany,6379
7713,Siana,Gabrielli,Siana.Gabrielli@yopmail.com,Germany,9453
8224,Bettine,Cookie,Bettine.Cookie@yopmail.com,Germany,7743
8517,Kara-Lynn,Timon,Kara-Lynn.Timon@yopmail.com,Germany,5497
8620,Basia,Croix,Basia.Croix@yopmail.com,Germany,9616
8763,Zia,Carleen,Zia.Carleen@yopmail.com,Germany,5195
8984,Cam,O'Rourke,Cam.O'Rourke@yopmail.com,Germany,3313
9143,Lonnie,Hoban,Lonnie.Hoban@yopmail.com,Germany,5771
9425,Kirbee,Gordon,Kirbee.Gordon@yopmail.com,Germany,8668
10049,Gusella,McCutcheon,Gusella.McCutcheon@yopmail.com,Germany,5297
