210,Eugine,Clie,Eugine.Clie@yopmail.com,India,8300
271,Jobi,Noman,Jobi.Noman@yopmail.com,India,7148
740,Tressa,Virgin,Tressa.Virgin@yopmail.com,India,9809
819,Regina,Hanshaw,Regina.Hanshaw@yopmail.com,India,3445
847,Reeba,Sawtelle,Reeba.Sawtelle@yopmail.com,India,2024
1253,Cyb,Bobbee,Cyb.Bobbee@yopmail.com,India,2798
1279,Liana,Masao,Liana.Masao@yopmail.com,India,5035
1338,Christian,Casimir,Christian.Casimir@yopmail.com,India,3399
1963,Tracey,Lenny,Tracey.Lenny@yopmail.com,India,2738
2068,Adriana,Pernick,Adriana.Pernick@yopmail.com,India,510
2593,Gwenneth,Ivens,Gwenneth.Ivens@yopmail.com,India,8208
2721,Karlee,Toffic,Karlee.Toffic@yopmail.com,India,1340
3099,Karena,Gillan,Karena.Gillan@yopmail.com,India,2735
3433,Lorie,Katrine,Lorie.Katrine@yopmail.com,India,9589
3513,Fayre,Stoller,Fayre.Stoller@yopmail.com,India,8001
3623,Celisse,Drisko,Celisse.Drisko@yopmail.com,India,3466
3672,Corly,Schenck,Corly.Schenck@yopmail.com,India,6396
3738,Cathyleen,Wu,Cathyleen.Wu@yopmail.com,India,4156
4398,Helena,Hortensia,Helena.Hortensia@yopmail.com,India,3280
4771,Ottilie,Lindemann,Ottilie.Lindemann@yopmail.com,India,6370
4799,Esmeralda,Shama,Esmeralda.Shama@yopmail.com,India,6870
6006,Clarice,Naor,Clarice.Naor@yopmail.com,India,7880
6455,Rochette,Naor,Rochette.Naor@yopmail.com,India,4816
6512,Leontine,Cordi,Leontine.Cordi@yopmail.com,India,4561
7031,Nanete,Kendrick,Nanete.Kendrick@yopmail.com,India,5784
7039,Gloria,Swanhildas,Gloria.Swanhildas@yopmail.com,India,7850
7098,Penelopa,Delila,Penelopa.Delila@yopmail.com,India,6048
7134,Verla,Ries,Verla.Ries@yopmail.com,India,9038
7209,Kittie,Grayce,Kittie.Grayce@yopmail.com,India,3760
7450,Emilia,Pond,Emilia.Pond@yopmail.com,India,8830
7563,Madeleine,Heidt,Madeleine.Heidt@yopmail.com,India,9158
7621,Nannie,Nadia,Nannie.Nadia@yopmail.com,India,2626
7944,Selma,Chapland,Selma.Chapland@yopmail.com,India,3551
8069,Shauna,Goddard,Shauna.Goddard@yopmail.com,India,6050
8313,Fredericka,Toor,Fredericka.Toor@yopmail.com,India,1998
8421,Chrystel,Byrne,Chrystel.Byrne@yopmail.com,India,7342
8711,Millie,Bettine,Millie.Bettine@yopmail.com,India,2129
8821,Kamilah,Remmer,Kamilah.Remmer@yopmail.com,India,6022
9338,Nelle,Santoro,Nelle.Santoro@yopmail.com,India,6864
9410,Christy,Anselmi,Christy.Anselmi@yopmail.com,India,918
9882,Juliane,Ehrman,Juliane.Ehrman@yopmail.com,India,6311
