183,Kerrin,Caitlin,Kerrin.Caitlin@yopmail.com,Ukraine,8632
411,Gerrie,Maisey,Gerrie.Maisey@yopmail.com,Ukraine,1900
623,Morganica,Moseley,Morganica.Moseley@yopmail.com,Ukraine,8500
997,Regina,Klemperer,Regina.Klemperer@yopmail.com,Ukraine,6540
1050,Pamella,Keelia,Pamella.Keelia@yopmail.com,Ukraine,6392
1217,Adele,Roche,Adele.Roche@yopmail.com,Ukraine,3334
1314,Consuela,Brotherson,Consuela.Brotherson@yopmail.com,Ukraine,8792
1381,Anallese,Cullin,Anallese.Cullin@yopmail.com,Ukraine,4632
1465,Roslyn,Wittie,Roslyn.Wittie@yopmail.com,Ukraine,4528
1560,Celestyna,Glenden,Celestyna.Glenden@yopmail.com,Ukraine,4191
1601,Roseline,Tybald,Roseline.Tybald@yopmail.com,Ukraine,8962
1844,Celisse,Podvin,Celisse.Podvin@yopmail.com,Ukraine,5670
2096,Stacey,Mike,Stacey.Mike@yopmail.com,Ukraine,6125
2216,Vinita,Hazlett,Vinita.Hazlett@yopmail.com,Ukraine,5733
2236,Ernesta,Delacourt,Ernesta.Delacourt@yopmail.com,Ukraine,5811
3163,Wendi,Radu,Wendi.Radu@yopmail.com,Ukraine,3283
3244,Clarice,Aida,Clarice.Aida@yopmail.com,Ukraine,6984
3606,Michaelina,Brieta,Michaelina.Brieta@yopmail.com,Ukraine,555
3792,Susan,Fillbert,Susan.Fillbert@yopmail.com,Ukraine,5897
3820,Amalie,Tomasina,Amalie.Tomasina@yopmail.com,Ukraine,3713
4304,Joceline,Diogenes,Joceline.Diogenes@yopmail.com,Ukraine,1362
4852,Glenda,Warthman,Glenda.Warthman@yopmail.com,Ukraine,8104
4868,Reeba,Fink,Reeba.Fink@yopmail.com,Ukraine,6994
4884,Lynea,Wolfgram,Lynea.Wolfgram@yopmail.com,Ukraine,2669
5527,Beth,My,Beth.My@yopmail.com,Ukraine,8494
5634,Nerta,Kimmie,Nerta.Kimmie@yopmail.com,Ukraine,8851
5893,Keelia,Lymann,Keelia.Lymann@yopmail.com,Ukraine,5728
6217,Lucille,Skurnik,Lucille.Skurnik@yopmail.com,Ukraine,2724
6374,Mallory,Estella,Mallory.Estella@yopmail.com,Ukraine,3203
6476,Angelique,Vanni,Angelique.Vanni@yopmail.com,Ukraine,6586
6553,Donnie,Lynn,Donnie.Lynn@yopmail.com,Ukraine,7507
6689,Livvyy,Knowling,Livvyy.Knowling@yopmail.com,Ukraine,510
7140,Caressa,Emerson,Caressa.Emerson@yopmail.com,Ukraine,4250
7300,Caritta,Emanuel,Caritta.Emanuel@yopmail.com,Ukraine,1491
7388,Larine,Tacye,Larine.Tacye@yopmail.com,Ukraine,7417
8570,Vita,Jena,Vita.Jena@yopmail.com,Ukraine,640
8935,Modestia,Martsen,Modestia.Martsen@yopmail.com,Ukraine,2190
9238,Tami,Lanita,Tami.Lanita@yopmail.com,Ukraine,6332
9406,Antonietta,Cottle,Antonietta.Cottle@yopmail.com,Ukraine,5516
9444,Gale,Eliathas,Gale.Eliathas@yopmail.com,Ukraine,2616
9477,Anestassia,Ball,Anestassia.Ball@yopmail.com,Ukraine,1949
9486,Jorry,Lanita,Jorry.Lanita@yopmail.com,Ukraine,2455
9512,Sharlene,Kannry,Sharlene.Kannry@yopmail.com,Ukraine,815
9579,Olwen,Capello,Olwen.Capello@yopmail.com,Ukraine,5518
9607,Vevay,Sandye,Vevay.Sandye@yopmail.com,Ukraine,1079
9712,Alyssa,Ferino,Alyssa.Ferino@yopmail.com,Ukraine,870
9753,Cecile,Raffo,Cecile.Raffo@yopmail.com,Ukraine,4655
